{"cameraMode":{"drawMode":0,"name":"Shaded","section":"Shading Mode"},"sceneLighting":false,"audioPlay":false,"sceneViewState":{"showFog":true,"showMaterialUpdate":false,"showSkybox":false,"showFlares":true,"showImageEffects":true,"showParticleSystems":true,"showVisualEffectGraphs":true,"m_FxEnabled":true},"in2DMode":false,"pivot":{"x":1.0237488746643067,"y":0.42524826526641848,"z":0.08586646616458893},"rotation":{"x":-0.011230317875742913,"y":0.5791101455688477,"z":-0.007975783199071885,"w":-0.8151383399963379},"size":0.5487076044082642,"orthographic":false}