{"cameraMode":{"drawMode":0,"name":"Shaded","section":"Shading Mode"},"sceneLighting":true,"audioPlay":false,"sceneViewState":{"showFog":true,"showMaterialUpdate":false,"showSkybox":true,"showFlares":true,"showImageEffects":true,"showParticleSystems":true,"showVisualEffectGraphs":true,"m_FxEnabled":true},"in2DMode":false,"pivot":{"x":1.2313158512115479,"y":1.3023431301116944,"z":3.888375997543335},"rotation":{"x":-0.036748118698596957,"y":0.35396361351013186,"z":-0.013933306559920311,"w":-0.9344412088394165},"size":0.4144836664199829,"orthographic":false}