{"cameraMode":{"drawMode":0,"name":"Shaded","section":"Shading Mode"},"sceneLighting":true,"audioPlay":false,"sceneViewState":{"showFog":true,"showMaterialUpdate":false,"showSkybox":true,"showFlares":true,"showImageEffects":true,"showParticleSystems":true,"showVisualEffectGraphs":true,"m_FxEnabled":true},"in2DMode":false,"pivot":{"x":3.1689586639404299,"y":-0.18001645803451539,"z":28.935361862182618},"rotation":{"x":0.03624836727976799,"y":0.054563429206609729,"z":-0.0019703106954693796,"w":0.9978535771369934},"size":13.201066017150879,"orthographic":false}