{"cameraMode":{"drawMode":0,"name":"Shaded","section":"Shading Mode"},"sceneLighting":true,"audioPlay":false,"sceneViewState":{"showFog":true,"showMaterialUpdate":false,"showSkybox":true,"showFlares":true,"showImageEffects":true,"showParticleSystems":true,"showVisualEffectGraphs":true,"m_FxEnabled":true},"in2DMode":false,"pivot":{"x":1.1775346994400025,"y":0.8801063895225525,"z":4.9441399574279789},"rotation":{"x":0.044619686901569369,"y":0.16760297119617463,"z":-0.007583760190755129,"w":0.9848091006278992},"size":2.936117649078369,"orthographic":false}