{"cameraMode":{"drawMode":0,"name":"Shaded","section":"Shading Mode"},"sceneLighting":true,"audioPlay":false,"sceneViewState":{"showFog":true,"showMaterialUpdate":false,"showSkybox":true,"showFlares":true,"showImageEffects":true,"showParticleSystems":true,"showVisualEffectGraphs":true,"m_FxEnabled":true},"in2DMode":false,"pivot":{"x":0.21634984016418458,"y":1.3761494159698487,"z":2.0266356468200685},"rotation":{"x":-0.03920583799481392,"y":-0.055727630853652957,"z":0.0021829060278832914,"w":-0.9976888298988342},"size":0.207692950963974,"orthographic":false}