{"cameraMode":{"drawMode":0,"name":"Shaded","section":"Shading Mode"},"sceneLighting":true,"audioPlay":false,"sceneViewState":{"showFog":true,"showMaterialUpdate":false,"showSkybox":true,"showFlares":true,"showImageEffects":true,"showParticleSystems":true,"showVisualEffectGraphs":true,"m_FxEnabled":true},"in2DMode":false,"pivot":{"x":0.7767051458358765,"y":1.1361764669418336,"z":1.2690398693084717},"rotation":{"x":0.05489479377865791,"y":0.28530484437942507,"z":-0.016353635117411615,"w":0.9567320942878723},"size":2.429673910140991,"orthographic":false}