{"cameraMode":{"drawMode":0,"name":"Shaded","section":"Shading Mode"},"sceneLighting":true,"audioPlay":false,"sceneViewState":{"showFog":true,"showMaterialUpdate":false,"showSkybox":true,"showFlares":true,"showImageEffects":true,"showParticleSystems":true,"showVisualEffectGraphs":true,"m_FxEnabled":true},"in2DMode":false,"pivot":{"x":0.11911848187446594,"y":2.3095107078552248,"z":15.30655288696289},"rotation":{"x":-0.02218770794570446,"y":0.00031154611497186124,"z":0.000018624505173647776,"w":0.9997555613517761},"size":8.337606430053711,"orthographic":false}