{"cameraMode":{"drawMode":0,"name":"Shaded","section":"Shading Mode"},"sceneLighting":true,"audioPlay":false,"sceneViewState":{"showFog":true,"showMaterialUpdate":false,"showSkybox":true,"showFlares":true,"showImageEffects":true,"showParticleSystems":true,"showVisualEffectGraphs":true,"m_FxEnabled":true},"in2DMode":false,"pivot":{"x":-0.5387077927589417,"y":5.314730167388916,"z":-2.8332316875457765},"rotation":{"x":-0.11605508625507355,"y":-0.1265774965286255,"z":0.014900052919983864,"w":-0.9850406646728516},"size":1.4043114185333253,"orthographic":false}