{"cameraMode":{"drawMode":0,"name":"Shaded","section":"Shading Mode"},"sceneLighting":true,"audioPlay":false,"sceneViewState":{"showFog":true,"showMaterialUpdate":false,"showSkybox":true,"showFlares":true,"showImageEffects":true,"showParticleSystems":true,"showVisualEffectGraphs":true,"m_FxEnabled":true},"in2DMode":false,"pivot":{"x":0.2934345006942749,"y":1.6581443548202515,"z":-1.5038548707962037},"rotation":{"x":-0.41551414132118227,"y":0.05288861319422722,"z":-0.02421778440475464,"w":-0.9077426195144653},"size":0.207692950963974,"orthographic":false}