{"cameraMode":{"drawMode":0,"name":"Shaded","section":"Shading Mode"},"sceneLighting":true,"audioPlay":false,"sceneViewState":{"showFog":true,"showMaterialUpdate":false,"showSkybox":true,"showFlares":true,"showImageEffects":true,"showParticleSystems":true,"showVisualEffectGraphs":true,"m_FxEnabled":true},"in2DMode":false,"pivot":{"x":8.988865852355957,"y":0.10145169496536255,"z":7.685029983520508},"rotation":{"x":0.04387398064136505,"y":0.5554309487342835,"z":-0.029350049793720247,"w":0.8298879861831665},"size":8.337606430053711,"orthographic":false}