{"cameraMode":{"drawMode":0,"name":"Shaded","section":"Shading Mode"},"sceneLighting":false,"audioPlay":false,"sceneViewState":{"showFog":true,"showMaterialUpdate":false,"showSkybox":false,"showFlares":true,"showImageEffects":true,"showParticleSystems":true,"showVisualEffectGraphs":true,"m_FxEnabled":true},"in2DMode":false,"pivot":{"x":0.085999995470047,"y":1.3200000524520875,"z":0.3880000114440918},"rotation":{"x":-0.09746579080820084,"y":-0.06206478178501129,"z":0.006084316410124302,"w":-0.9932940602302551},"size":0.41448381543159487,"orthographic":false}