{"cameraMode":{"drawMode":0,"name":"Shaded","section":"Shading Mode"},"sceneLighting":false,"audioPlay":false,"sceneViewState":{"showFog":true,"showMaterialUpdate":false,"showSkybox":false,"showFlares":true,"showImageEffects":true,"showParticleSystems":true,"showVisualEffectGraphs":true,"m_FxEnabled":true},"in2DMode":false,"pivot":{"x":0.2610008120536804,"y":0.6003414392471314,"z":-1.728447675704956},"rotation":{"x":0.09718886017799378,"y":0.09718899428844452,"z":-0.009520679712295533,"w":0.9904699921607971},"size":0.9182868003845215,"orthographic":false}