{"cameraMode":{"drawMode":0,"name":"Shaded","section":"Shading Mode"},"sceneLighting":false,"audioPlay":false,"sceneViewState":{"showFog":true,"showMaterialUpdate":false,"showSkybox":false,"showFlares":true,"showImageEffects":true,"showParticleSystems":true,"showVisualEffectGraphs":true,"m_FxEnabled":true},"in2DMode":false,"pivot":{"x":0.6077294945716858,"y":-0.2094627171754837,"z":0.011283041909337044},"rotation":{"x":0.16745537519454957,"y":0.026923447847366334,"z":-0.004560048691928387,"w":0.9855085015296936},"size":0.9182868003845215,"orthographic":false}