{"cameraMode":{"drawMode":0,"name":"Shaded","section":"Shading Mode"},"sceneLighting":false,"audioPlay":false,"sceneViewState":{"showFog":true,"showMaterialUpdate":false,"showSkybox":false,"showFlares":true,"showImageEffects":true,"showParticleSystems":true,"showVisualEffectGraphs":true,"m_FxEnabled":true},"in2DMode":false,"pivot":{"x":0.018612297251820566,"y":0.49309802055358889,"z":0.354958176612854},"rotation":{"x":-0.00026370512205176055,"y":0.5338116884231567,"z":-0.00016294312081299722,"w":-0.8456112146377564},"size":0.8954669833183289,"orthographic":false}