{"cameraMode":{"drawMode":0,"name":"Shaded","section":"Shading Mode"},"sceneLighting":false,"audioPlay":false,"sceneViewState":{"showFog":true,"showMaterialUpdate":false,"showSkybox":false,"showFlares":true,"showImageEffects":true,"showParticleSystems":true,"showVisualEffectGraphs":true,"m_FxEnabled":true},"in2DMode":false,"pivot":{"x":0.5256360769271851,"y":0.2617706060409546,"z":0.875903308391571},"rotation":{"x":-0.05908151715993881,"y":0.4088171124458313,"z":-0.026530716568231584,"w":-0.9103212952613831},"size":0.8954669833183289,"orthographic":false}