{"cameraMode":{"drawMode":0,"name":"Shaded","section":"Shading Mode"},"sceneLighting":false,"audioPlay":false,"sceneViewState":{"showFog":true,"showMaterialUpdate":false,"showSkybox":false,"showFlares":true,"showImageEffects":true,"showParticleSystems":true,"showVisualEffectGraphs":true,"m_FxEnabled":true},"in2DMode":false,"pivot":{"x":-0.8363133668899536,"y":0.1565757840871811,"z":0.29737550020217898},"rotation":{"x":-0.026867829263210298,"y":0.7292881608009338,"z":-0.028681330382823945,"w":-0.6830875277519226},"size":0.8954669833183289,"orthographic":false}