{"cameraMode":{"drawMode":0,"name":"Shaded","section":"Shading Mode"},"sceneLighting":false,"audioPlay":false,"sceneViewState":{"showFog":true,"showMaterialUpdate":false,"showSkybox":false,"showFlares":true,"showImageEffects":true,"showParticleSystems":true,"showVisualEffectGraphs":true,"m_FxEnabled":true},"in2DMode":false,"pivot":{"x":-0.531000018119812,"y":1.3200000524520875,"z":0.3880000114440918},"rotation":{"x":-0.29725417494773867,"y":-0.002297524129971862,"z":0.0007070908322930336,"w":-0.9548118710517883},"size":0.4144836664199829,"orthographic":false}